MaterialID,MaterialName,StorageLocation,PickupTime,Sender,GoalLocation,DeiveredTime,Reciever,IssueStatus
MED789,Morphine,CONTROL_DRUG,8/24/2025 13:49,Pharmacist A,ER Unit,8/24/2025 14:29,Ward Nurse X,Damaged Packaging
MED456,Insulin,COLD_STORAGE,8/24/2025 9:24,Pharmacist B,Ward 5C,8/24/2025 9:34,Ward Nurse X,Wrong Location
MED456,Insulin,COLD_STORAGE,8/24/2025 9:52,Pharmacist A,ICU Zone,8/24/2025 10:22,Ward Nurse Y,Wrong Location
MED456,Insulin,COLD_STORAGE,8/24/2025 7:45,Pharmacist B,ICU Zone,8/24/2025 8:05,Ward Nurse X,Damaged Packaging
MED987,Diazepam,CONTROL_DRUG,8/24/2025 7:16,Pharmacist B,ICU Zone,8/24/2025 7:36,Ward Nurse X,Wrong Location
MED456,Insulin,COLD_STORAGE,8/24/2025 13:42,Pharmacist A,ICU Zone,8/24/2025 14:22,Ward Nurse X,No Issue
MED654,Salbutamol Inhaler,OPD_STORAGE,8/24/2025 9:08,Pharmacist A,ER Unit,8/24/2025 9:48,Ward Nurse X,Wrong Location
MED123,Paracetamol 500mg,ER_ROOM,8/24/2025 15:46,Pharmacist A,Ward 5C,8/24/2025 15:56,Ward Nurse Y,Wrong Location
MED987,Diazepam,CONTROL_DRUG,8/24/2025 7:20,Pharmacist B,ICU Zone,8/24/2025 8:00,Ward Nurse X,Damaged Packaging
MED789,Morphine,CONTROL_DRUG,8/24/2025 15:10,Pharmacist B,ER Unit,8/24/2025 15:30,Ward Nurse X,Late Delivery
MED654,Salbutamol Inhaler,OPD_STORAGE,8/24/2025 8:34,Pharmacist A,Ward 3A,8/24/2025 8:54,Ward Nurse Y,Wrong Location
MED987,Diazepam,CONTROL_DRUG,8/24/2025 13:07,Pharmacist A,Ward 5C,8/24/2025 13:17,Ward Nurse X,Wrong Location
MED321,Amoxicillin,PHARMACY_MAIN,8/24/2025 8:01,Pharmacist B,ICU Zone,8/24/2025 8:41,Ward Nurse Y,Late Delivery
MED123,Paracetamol 500mg,ER_ROOM,8/24/2025 14:29,Pharmacist A,Ward 5C,8/24/2025 14:39,Ward Nurse Y,Late Delivery
MED987,Diazepam,CONTROL_DRUG,8/24/2025 10:13,Pharmacist B,Ward 3A,8/24/2025 10:33,Ward Nurse Y,Damaged Packaging
